1,0,1.0
2,0,1.0
3,0,1.0
4,1,0.6308844807256715,2,0.31345798663915114,3,0.05565753263517706
5,0,1.0
6,0,1.0
7,0,1.0
8,0,1.0
9,4,1.5546094527834882E-4,5,2.933850869323536E-5,6,1.618865820565119E-4,7,0.9831140358124483,8,4.505278336232492E-5,9,0.01649422536816094
10,10,1.0
11,0,1.0
12,0,1.0
13,11,1.0
14,0,1.0
15,0,1.0
16,0,1.0
17,0,1.0
18,0,1.0
19,12,0.9998795147215778,13,1.2048527842034091E-4
20,0,1.0
21,14,1.0
22,1,0.9999560949240612,5,4.390507593903957E-5
23,0,1.0
24,0,1.0
25,0,1.0
26,0,1.0
27,0,1.0
28,0,1.0
29,6,1.0
30,0,1.0
31,5,0.06733125838564101,6,0.8773599990307848,8,0.05530874258357408
32,15,1.0
33,16,0.9299328946202621,17,0.07006710537973793
34,0,1.0
35,0,1.0
36,0,1.0
37,0,1.0
38,0,1.0
39,0,1.0
40,0,1.0
41,8,1.0
42,8,1.0
43,0,1.0
44,0,1.0
45,0,1.0
46,0,1.0
47,0,1.0
48,0,1.0
49,6,0.9795362310304485,18,0.020463768969551602
50,12,1.0
51,19,0.6629940592511089,20,0.337005940748891
52,0,1.0
53,20,1.0
54,0,1.0
55,17,0.07764336508670157,18,0.9223566349132983
56,18,1.0
57,6,1.0
58,18,1.0
59,6,0.10129262753697514,17,0.057576402291374305,21,0.8411309701716506
60,0,1.0
61,0,1.0
62,6,0.009407901296978449,12,0.06450291168546657,22,0.9260891870175555
63,23,1.0
64,0,1.0
65,5,1.9774421304386635E-5,11,2.655102020550825E-5,18,2.39094792971834E-5,24,0.9999297650791904
66,25,0.29746049187886225,26,0.7025395081211377
67,0,1.0
68,0,1.0
69,8,1.0
70,17,1.0
71,0,1.0
72,18,0.0680146917546141,21,0.9319853082453854
73,18,1.0
74,0,1.0
75,0,1.0
76,0,1.0
77,27,1.0
78,17,1.0
79,0,1.0
80,0,1.0
81,0,1.0
82,0,1.0
83,28,1.0
84,29,1.0
85,0,1.0
86,0,1.0
87,0,1.0
88,17,0.5794279672053131,28,0.42057203279468663
89,0,1.0
90,8,1.0
91,0,1.0
92,18,1.0
93,0,1.0
94,0,1.0
95,5,1.0
96,11,0.9846237600222022,21,0.015376239977796554
97,18,1.0
98,5,1.0649295438711492E-5,6,1.2236588959042153E-5,8,1.204522870380724E-5,9,0.9996503296512803,11,2.7606722748497125E-4,12,1.501501299331056E-5,13,1.3175392932739863E-5,30,1.0481602207030555E-5
99,0,1.0
100,21,1.0
101,18,1.4089045187090869E-5,30,0.17517364645829536,31,0.8248122644965175
102,0,1.0
103,0,1.0
104,18,1.0
105,21,1.0
106,0,1.0
107,0,1.0
108,8,1.1349831224817158E-5,17,1.7793677378562127E-5,32,0.49973284745773483,33,0.5002380090336621
109,0,1.0
110,0,1.0
111,5,-0.002872763754727128,6,0.9236651762588765,34,0.07920758749585086
112,0,1.0
113,5,0.002189537847208599,27,0.6908392900542668,35,0.3069711720985245
114,18,1.0
115,0,1.0
116,0,1.0
117,0,1.0
118,23,1.0
119,8,1.0
120,1,0.9999381405614027,5,6.185943859690225E-5
121,0,1.0
122,5,0.09665032089019543,6,0.8372046767390975,8,0.06614500237070708
123,6,0.26393434890581996,18,5.736089602001497E-4,21,0.7354920421339798
124,12,2.600689261596487E-4,36,0.17973965643999035,37,0.8200002746338497
125,29,1.0
126,0,1.0
127,0,1.0
128,5,1.0
129,28,1.0
130,11,0.9999423702211437,18,5.762977885623544E-5
131,17,0.704929600399087,28,0.29507039960091347
132,5,0.6340970390631835,8,0.36590296093681635
133,0,1.0
134,0,1.0
135,0,1.0
136,18,1.0
137,5,2.3541252284678005E-5,8,1.5732196833482735E-5,17,1.2858529424639646E-5,18,2.2294986516725725E-5,21,1.5488700992135346E-5,38,0.9999100843339466
138,6,0.09241701232811628,18,0.9075829876718841
139,0,1.0
140,22,1.0
141,12,0.6349078574798546,34,0.36509214252014544
142,0,1.0
143,23,1.0
144,4,1.0
145,0,1.0
146,0,1.0
147,5,0.0013855619911326655,6,0.9269421225517539,8,0.03473584457232807,18,0.020896539054584284,28,0.01603993183020156
148,5,0.16328840318190327,8,0.836711596818097
149,6,0.020039233837704343,39,0.9799607661622967
150,0,1.0
151,18,0.0019205678934037748,21,0.998079432106597
152,0,1.0
153,0,1.0
154,8,0.019592907854929415,18,0.04338946605470006,26,0.9370176260903709
155,18,1.0
156,28,1.0
157,0,1.0
158,23,1.0
159,4,1.0
160,34,1.0
161,36,1.0
162,8,1.0
163,8,1.0
164,34,1.0
165,23,1.0
166,11,0.9999498770809147,18,5.012291908591522E-5
167,0,1.0
168,0,1.0
169,0,1.0
170,0,1.0
171,5,0.022262047792201995,40,0.9777379522077985
172,22,1.0
173,0,1.0
174,5,7.306897064117956E-6,6,8.685501235380459E-6,8,8.58289396827343E-6,9,0.9999508555196527,12,1.3433467414418433E-5,13,6.9115897345237E-6,30,4.224130930453456E-6
175,0,1.0
176,0,1.0
177,8,0.9264588943183596,18,0.073541105681641
178,17,3.4598987223548844E-5,41,0.9999654010127762
179,5,0.055468867382754625,40,0.9445311326172458
180,4,1.0
181,0,1.0
182,5,6.725612888356778E-5,6,0.9999327438711154
183,0,1.0
184,26,1.0
185,5,3.970823616122771E-4,8,0.999602917638388
186,0,1.0
187,1,0.20972947536974093,2,0.7957770527286069,3,-0.005506528098347606
188,11,0.9994993398078206,18,5.006601921792152E-4
189,0,1.0
190,4,0.9998690343326132,34,1.3096566738610033E-4
191,18,-1.9346028087747837E-4,22,1.0001934602808773
192,34,1.0
193,8,1.0
194,0,1.0
195,11,1.673934659834394E-5,42,0.9998474594130982,43,1.35801240303368E-4
196,11,2.9646258057103268E-5,44,0.9999703537419441
197,5,1.0
198,11,0.010818171858010735,21,1.4472781403559928E-4,24,0.9890371003279537
199,0,1.0
200,34,1.0
201,0,1.0
202,6,0.28934041697588053,18,5.917047925907283E-4,21,0.7100678782315286
203,0,1.0
204,8,1.0
205,0,1.0
206,28,1.0
207,45,1.0
208,0,1.0
209,8,0.9219892840600084,22,0.07801071593999154
210,0,1.0
211,5,0.9328924064383345,6,0.04935383508978837,18,0.017753758471877146
212,0,1.0
213,0,1.0
214,0,1.0
215,0,1.0
216,5,1.0
217,0,1.0
218,5,0.06878519799164654,17,0.9312148020083535
219,8,1.0
220,0,1.0
221,5,1.0
222,6,1.1745539801725925E-5,46,0.9999882544601977
223,17,2.7602519174263836E-5,41,0.9999723974808258
224,3,1.2297222801670835E-4,5,4.548046292291423E-5,8,5.511950898149406E-4,17,7.193340029624045E-5,44,4.9458958569175626E-6,47,0.999203472923092
225,5,0.08430301630096072,6,0.8496644615299372,8,0.06603252216910216
226,0,1.0
227,5,1.0
228,5,3.295539126678803E-5,48,0.9999670446087331
229,5,9.228286858735752E-4,8,0.9990771713141268
230,6,0.6395743776927503,34,0.36042562230724984
231,0,1.0
232,0,1.0
233,6,0.054004338389952035,34,0.035273815893578885,38,0.9107218457164694
234,0,1.0
235,0,1.0
236,0,1.0
237,6,9.440502704985972E-5,19,0.9999055949729497
238,18,1.0
239,18,1.0
240,0,1.0
241,0,1.0
242,0,1.0
243,18,1.0
244,0,1.0
245,5,0.04419153539800833,11,0.042309942886665876,17,0.48074985352339966,18,0.0939915798344457,49,0.33875708835748203
246,0,1.0
247,0,1.0
248,0,1.0
249,8,0.02227919874425867,16,0.9328145474353686,22,0.04369958277002636,28,0.0012066710503469587
250,0,1.0
251,34,1.0
252,28,0.5554381044673595,34,0.4445618955326405
253,21,1.0
254,3,7.91564889601352E-5,5,5.667704717090481E-5,8,4.995363061791687E-4,17,5.966214733809262E-5,44,5.980992982657528E-6,47,0.9992989870173673
255,26,1.2640190124176324E-4,50,0.495872558323401,51,0.5040010397753565
256,4,0.9990580908769644,34,7.498125683805686E-5,52,8.669278661966913E-4
257,0,1.0
258,0,1.0
259,38,1.0
260,0,1.0
261,23,1.0
262,0,1.0
263,5,0.14672524817563845,6,0.7867863968233905,8,0.066488355000971
264,0,1.0
265,0,1.0
266,0,1.0
267,5,1.0
268,0,1.0
269,17,1.0
270,6,0.0733558452771035,8,0.2856291027698616,12,0.6410150519530344
271,34,1.0
272,0,1.0
273,0,1.0
274,18,1.0
275,0,1.0
276,28,1.0
277,0,1.0
278,5,1.0
279,0,1.0
280,0,1.0
281,5,1.0
282,6,0.0012705952585366621,16,0.5745065611178168,18,2.2135347074863994E-5,53,0.4242007082765724
283,5,1.6338865202145732E-5,48,0.9999836611347995
284,0,1.0
285,18,0.01664260324410475,22,0.9833573967558963
286,6,9.744636659212555E-4,18,0.007291433544626905,46,0.9917341027894536
287,2,1.0000915766169318,6,-1.1153115925573173E-4,8,1.995454232149454E-5
288,0,1.0
289,5,1.0
290,0,1.0
291,5,0.035079491606087455,8,0.9649205083939129
292,1,1.0
293,12,1.0
294,5,1.0228552400287565E-5,6,1.252759789758844E-5,46,0.9999772438497023
295,0,1.0
296,0,1.0
297,19,1.0
298,0,1.0
299,6,4.5908937556140344E-5,18,8.593003641218776E-5,52,0.9998681610260394
300,0,1.0
301,0,1.0
302,28,1.0
303,4,0.6308614087654463,5,0.0013212444736236527,8,0.3678173467609302
304,0,1.0
305,6,0.9717427099222748,8,0.011657349546302532,28,0.016599940531423114
306,28,0.6254740520711409,34,0.37452594792885907
307,4,0.0660099095712335,54,0.9339900904287666
308,0,1.0
309,8,4.829908207720927E-4,18,1.656176288107924E-4,26,0.9993513915504167
310,5,1.0
311,0,1.0
312,0,1.0
313,0,1.0
314,4,0.9089088550037275,5,0.020839501940281432,11,0.05250622936196164,12,0.017745413694029606
315,0,1.0
316,0,1.0
317,4,0.023932862827226422,5,0.009240465536079122,6,0.08407819328545892,11,0.8722155226977674,28,0.01053295565346855
318,28,7.550373665535385E-6,55,0.9999924496263344
319,0,1.0
320,8,1.0
321,28,1.0
322,23,1.0
323,0,1.0
324,5,0.5887267732384627,8,0.41127322676153744
325,5,0.0037295543768506713,6,0.026401519539708988,7,0.9411078972867021,8,0.0052336285267501935,9,0.023527400269987668
326,12,1.0
327,56,1.0
328,12,1.94149762261406E-5,36,8.553885113632076E-5,37,0.999895046172638
329,5,1.0
330,4,1.0
331,0,1.0
332,12,1.0
333,6,0.00805562272584947,12,0.031570342984419936,22,0.9603740342897308
334,18,1.0
335,8,0.9216081976593687,18,0.07839180234063131
336,0,1.0
337,0,1.0
338,5,0.003910272950115948,22,0.996089727049885
339,5,1.0
340,18,1.0
341,0,1.0
342,0,1.0
343,5,1.8426827669284284E-5,9,0.989026932095766,11,0.008138897408700791,12,7.083673336563038E-6,13,-1.7993114106440732E-5,21,0.002815226284038613,30,1.1426824595142604E-5
344,0,1.0
345,5,1.0
346,4,0.08551420247926465,54,0.9144857975207357
347,0,1.0
348,5,0.8489571569014814,17,0.15104284309851881
349,0,1.0
350,18,1.0
351,0,1.0
352,0,1.0
353,5,2.2880976169099463E-5,8,1.4089720542277147E-5,17,1.2660142673601407E-5,18,2.3360382773628094E-5,21,1.3439551132619332E-5,38,0.9999135692267096
354,18,6.812620916977338E-5,23,0.9999318737908305
355,0,1.0
356,4,0.999668825088376,34,3.3117491162422294E-4
357,12,1.0
358,3,0.9999671983866874,5,1.234659448695851E-5,6,1.0210056885497356E-5,18,1.0244961939027096E-5
359,5,0.07313416193065315,17,0.9268658380693467
360,4,0.7626456883836463,34,0.23735431161635362
361,0,1.0
362,0,1.0
363,41,1.0
364,6,0.006816026813950188,52,0.9931839731860503
365,0,1.0
366,6,0.05886047163310086,12,0.03214319879256291,22,0.908996329574336
367,6,0.00885321838001172,12,0.036738243313484034,22,0.9544085383065039
368,5,0.002245517030222715,11,0.9823980174862208,21,0.004166455619711069,30,0.01119000986384542
369,28,1.0
370,18,1.0
371,5,1.0
372,0,1.0
373,12,1.0
374,6,0.9967241312228171,8,0.0032758687771818605
375,18,1.0
376,17,1.0
377,8,1.0
378,0,1.0
379,0,1.0
380,0,1.0
381,8,0.3389038538849376,17,0.6610961461150622
382,14,0.9999999999999983
383,23,1.0
384,5,1.0
385,5,3.445104767056981E-4,6,0.9996554895232945
386,5,0.09554253502301233,57,0.9044574649769882
387,19,1.0
388,17,0.06904065806544335,24,0.11678476814593315,41,0.8141745737886239
389,5,0.2393670433551472,17,0.7606329566448524
390,0,1.0
391,12,1.0
392,0,1.0
393,29,1.0
394,0,1.0
395,8,0.012361442663792459,11,0.9804904143838967,18,1.0960832646902076E-4,34,0.007038534625840921
396,8,1.0
397,5,1.0
398,8,0.16532547561554653,17,0.0750192732696282,18,0.12042534330395413,23,0.6125467845736327,34,0.026683123237238263
399,6,-0.008023953303554961,18,1.0080239533035549
400,17,1.0
401,58,1.0
402,8,1.0
403,5,1.0
404,11,0.0011969959245620408,38,3.795048640075629E-5,57,5.0022292435350976E-5,59,0.9987150312966002
405,0,1.0
406,18,1.0
407,17,1.0
408,0,1.0
409,18,1.0
410,0,1.0
411,18,1.0
412,0,1.0
413,0,1.0
414,18,1.0
415,0,1.0
416,5,0.0011838922232314426,6,0.89934083112492,8,0.0569476562493803,18,0.017142747989183416,28,0.025384872413284784
417,11,1.6765071414662798E-5,19,0.004914186142420711,44,0.9950690487861638
418,30,1.0
419,18,1.0
420,28,0.013083914468849236,60,0.986916085531149
421,34,1.0
422,0,1.0
423,6,1.0
424,22,1.0
425,6,1.3444915773024773E-4,39,0.9998655508422699
426,6,1.0
427,14,1.0
428,2,0.7901833103321334,6,0.17959638212168186,8,0.030220307546184825
429,0,1.0
430,5,1.0
431,8,1.0
432,34,1.0
433,3,0.9999342177415604,5,3.2923913551852984E-5,6,1.5028000680937441E-5,18,1.783034420479138E-5
434,0,1.0
435,34,1.0000000000000009
436,18,1.9104005483531003E-5,30,0.34880993526229453,31,0.6511709607322216
437,16,1.0
438,0,1.0
439,18,1.0
440,5,1.0
441,5,1.0
442,0,1.0
443,0,1.0
444,0,1.0
445,17,2.8684717526315424E-5,41,0.999971315282474
446,17,3.3083093013786867E-5,25,0.9995841772579603,34,3.82739649026375E-4
447,17,1.0
448,0,1.0
449,12,0.07406787530226824,17,0.9259321246977315
450,8,0.024684560064035754,16,0.6866364039823971,22,0.2877983544547458,28,8.806814988209389E-4
451,17,0.15489759071562237,24,0.8451024092843777
452,6,0.7603840936075942,61,0.23961590639240657
453,18,1.0
454,11,2.944514273096754E-5,42,0.9989431513070264,43,0.0010274035502428104
455,0,1.0
456,17,1.0
457,0,1.0
458,12,1.0
459,12,0.7696737776991156,34,0.23032622230088445
460,0,1.0
461,5,1.3119562196644943E-5,40,0.9999868804378026
462,0,1.0
463,0,1.0
464,0,1.0
465,34,1.0
466,0,1.0
467,0,1.0
468,15,1.0
469,18,1.0
470,17,1.0
471,0,1.0
472,5,0.9407577933114037,6,0.042476015730243045,18,0.016766190958351843
473,0,1.0
474,23,1.0
475,5,1.0
476,5,1.0
477,6,1.6984258789157494E-5,16,0.9999601532006325,18,2.2862540576035133E-5
478,5,1.0
479,0,1.0
480,17,9.463066233611344E-5,26,0.02298708062847612,50,0.4800653560965746,51,0.49685293261261315
481,0,1.0
482,6,0.06945979139861257,17,0.11763187285278977,18,0.0012041998755844188,21,0.8117041358730135
483,0,1.0
484,0,1.0
485,0,1.0
486,18,1.0
487,23,1.0
488,0,1.0
489,28,1.0
490,5,1.0048634483260769E-5,11,4.9557680906885034E-5,18,1.0601074552457778E-5,24,0.9999297926100575
491,5,2.2643798959946664E-5,11,2.0667050343451068E-5,18,2.1634226303271156E-5,24,0.9999350549243923
492,34,1.0000000000000022
493,0,1.0
494,0,1.0
495,0,1.0
496,0,1.0
497,8,0.0011663185731852668,27,0.998833681426814
498,5,0.8860763058988551,18,0.11392369410114479
499,28,1.0
500,5,1.6151833959375306E-4,6,0.9998384816604067
501,0,1.0
502,4,0.631369831054248,34,0.16899461926724801,52,0.19963554967850342
503,0,1.0
504,5,1.5829211313658446E-5,40,0.9999841707886878
505,6,0.9816749569543989,8,0.018325043045601615
506,6,0.011500819105853191,12,0.022258667910841058,22,0.9662405129833062
507,0,1.0
508,8,1.0
509,4,1.5906826451994444E-4,5,2.8744408781454912E-5,6,1.4162906594209566E-4,7,0.9833610200602207,8,4.281435108438215E-5,9,0.01626672384945094
510,11,0.020065940276021505,38,5.459993057598742E-4,57,3.560203750866477E-5,59,0.9793524583807125
511,6,0.21468612102186027,16,0.7959224573260231,17,-0.05198699832682499,34,0.041378419978941726
512,34,1.0
513,5,1.0
514,0,1.0
515,17,7.852484614098624E-5,18,4.734019882161496E-5,20,1.3769971395834394E-4,27,0.003446807399432409,62,0.9962896278416468
516,0,1.0
517,1,0.9999435545880346,5,5.644541196560632E-5
518,0,1.0
519,0,1.0
520,0,1.0
521,4,0.99977946928797,34,4.822967286182086E-5,52,1.7230103916883384E-4
522,0,1.0
523,17,0.9442149738274541,34,0.05578502617254516
524,0,1.0
525,28,1.11939008825548E-5,34,2.5510963471791418E-5,55,0.9999632951356461
526,0,1.0
527,5,2.1955162374876446E-4,13,8.418458602757877E-6,27,0.45483814923394855,35,0.5449338806837003
528,34,1.0
529,0,1.0
530,53,1.0
531,8,6.706725426832428E-5,11,5.268612158282711E-5,34,6.563750820154233E-5,63,0.9998146091159472
532,21,1.0
533,5,9.743924974360824E-5,6,0.9999025607502569
534,12,2.2419761794992403E-5,20,0.7220489280107847,21,0.27792865222742047
535,18,1.4985349268531536E-5,30,0.22905489505785726,31,0.7709301195928735
536,0,1.0
537,18,1.0
538,18,1.0
539,8,1.0
540,18,1.0
541,0,1.0
542,0,1.0
543,0,1.0
544,0,1.0
545,0,1.0
546,5,2.7971672660779085E-5,11,5.4022028049425316E-5,18,3.3870571329835275E-5,24,0.9998841357279576
547,0,1.0
548,18,1.0000000000000009
549,17,1.0
550,0,1.0
551,0,1.0
552,0,1.0
553,10,0.7592162441142802,18,0.24078375588571826
554,8,1.0
555,17,1.0
556,5,2.2691885831450452E-5,57,0.9999773081141691
557,0,1.0
558,6,2.786697638994802E-5,11,1.5039578109441306E-5,19,0.04429205858998367,44,0.9556650348555167
559,18,7.366421280643529E-5,23,0.9999263357871939
560,0,1.0
561,5,1.0
562,45,1.0
563,5,3.0439881579306972E-5,57,0.999969560118421
564,17,1.0
565,27,1.0
566,0,1.0
567,18,1.0000000000000013
568,0,1.0
569,0,1.0
570,22,1.0
571,8,1.0
572,27,1.0
573,18,0.0036999494917300357,26,0.9963000505082701
574,34,0.9999999999999997
575,0,1.0
576,17,0.023869375622147113,18,0.017634239898768053,20,0.004896138087577864,27,0.010100423382524813,62,0.9434998230089827
577,34,1.0
578,36,1.0
579,0,1.0
580,5,1.0
581,42,0.9907356525560882,43,0.00926434744391151
582,0,1.0
583,19,1.0
584,0,1.0
585,0,1.0
586,58,1.0
587,5,0.002568991469956854,6,0.9974310085300441
588,0,1.0
589,5,1.0
590,5,1.0
591,18,1.0
592,0,1.0
593,0,1.0
594,0,1.0
595,25,0.787500394585241,26,0.2124996054147592
596,0,1.0
597,4,0.9960488491911315,11,0.0019570685315489678,12,1.4370536745200011E-5,34,0.001979711740574669
598,0,1.0
599,8,1.0
600,0,1.0
601,0,1.0
602,53,1.0
603,5,4.585698831408482E-5,48,0.9999541430116858
604,8,1.0
605,0,1.0
606,18,6.804650450476332E-5,23,0.9999319534954966
607,5,0.23504527205284526,8,0.7649547279471545
608,5,1.0
609,5,0.0027769801726112856,6,0.9972230198273887
610,8,1.0
611,18,1.0
612,0,1.0
613,1,0.9178954462923405,5,0.08210455370765915
614,2,0.9999004432458107,5,1.741706681330822E-5,17,1.391140730722389E-5,18,3.823291182513952E-5,28,1.1508985466498498E-5,34,1.8486382777786002E-5
615,0,1.0
616,29,1.0
617,0,1.0
618,0,1.0
619,0,1.0
620,0,1.0
621,5,1.0
622,28,1.0
623,17,0.9999022061514278,28,9.779384857145048E-5
624,8,6.86906433538504E-5,11,6.42972634839889E-5,63,0.9998670120931621
625,28,9.367308800069075E-6,60,0.9999906326911987
626,1,0.9999474593876075,5,5.254061239232513E-5
627,16,0.7407405821097134,64,0.25925941789028667
628,5,0.7436029298216,8,0.25639707017839986
629,0,1.0
630,12,1.0
631,17,1.0
632,0,1.0
633,5,0.23238614643590177,18,0.767613853564098
634,18,0.9690652594273965,34,0.03093474057260335
635,5,2.3525690740671433E-5,8,1.6035294571638832E-5,17,1.2900620260869513E-5,18,2.3258176824835014E-5,38,0.9999242802176026
636,0,1.0
637,8,0.9145639338920265,18,0.08543606610797362
638,14,1.0
639,0,1.0
640,11,0.002181046330551457,21,5.416806638863897E-5,24,0.9977647856030596
641,5,1.0
642,0,1.0
643,0,1.0
644,20,1.0
645,0,1.0
646,0,1.0
647,0,1.0
648,19,1.0
649,0,1.0
650,53,1.0
651,8,4.3663682292756025E-4,18,1.225847986321713E-4,26,0.9994407783784403
652,0,1.0
653,6,0.3860381627135375,18,8.098324473348197E-4,21,0.6131520048391274
654,0,1.0
655,6,1.0
656,0,1.0
657,23,1.0
658,0,1.0
659,28,1.0
660,34,1.0
661,0,1.0
662,0,1.0
663,0,1.0
664,17,1.0
665,6,1.0
666,0,1.0
667,18,0.06243446359079901,34,0.9375655364092003
668,28,1.0
669,11,0.9999475402606506,18,5.245973934948909E-5
670,17,1.0
671,0,1.0
672,5,0.15983283707014692,17,0.8401671629298534
673,43,1.0
674,5,4.929022926470538E-5,11,4.543404793368952E-4,18,7.960635639192808E-5,24,0.999416762935006
675,0,1.0
676,12,1.0
677,17,1.0
678,5,0.2883513387578235,18,0.6133416430042913,65,0.09830701823788537
679,5,5.974107125033376E-5,56,0.9999402589287494
680,17,0.3448756284285114,24,0.6551243715714885
681,6,1.3960594619840483E-5,46,0.999986039405381
682,0,1.0
683,0,1.0
684,11,0.08737013449459552,44,0.9126298655054041
685,0,1.0
686,28,1.0
687,3,1.0001713505877146,5,-1.8549332096279254E-4,6,-1.281726177292361E-5,18,2.695999502133258E-5
688,4,0.9891290118573766,6,0.007657958312497625,11,0.001358925349362201,12,1.4303808545699149E-5,34,0.0018398006722178625
689,0,1.0
690,6,3.831640718889143E-5,39,0.999961683592812
691,0,1.0
692,43,1.0
693,0,1.0
694,0,1.0
695,18,1.0
696,0,1.0
697,11,0.7251074505822916,16,0.2748244311002159,18,6.811831749147136E-5
698,6,0.9770736335282857,8,0.022926366471714716
699,4,0.9997218696694339,34,2.781303305664512E-4
700,28,1.0
701,5,0.974050054018164,18,0.025949945981837086
702,18,3.0555083083329646E-5,21,0.9999694449169165
703,8,1.0
704,12,1.0
705,5,1.0
706,0,1.0
707,3,0.001672889717812387,17,1.5991788283743358E-5,36,0.998311118493904
708,0,1.0
709,0,1.0
710,18,1.0000000000000024
711,0,1.0
712,66,1.0
713,0,1.0
714,18,0.03880032213022867,34,0.9611996778697712
715,34,1.0
716,28,1.0
717,0,1.0
718,17,0.9489756551324353,26,0.05102434486756465
719,18,1.0
720,12,1.0
721,0,1.0
722,4,0.9972184113652148,34,0.0027815886347853013
723,5,3.5675785688467517E-4,40,0.9996432421431168
724,0,1.0
725,0,1.0
726,14,1.0
727,17,2.4196510779851178E-5,26,3.4940663702893494E-4,50,0.4922635888378386,51,0.5073628080143525
728,8,0.18950837302841905,17,0.07961525240498951,18,0.08947587031088196,23,0.6173489339303236,34,0.0240515703253858
729,0,1.0
730,8,1.0415928174817756E-5,17,1.502335414471247E-5,32,0.5035530122840235,33,0.4964215484336568
731,0,1.0
732,5,1.0
733,0,1.0
734,5,1.827145489955178E-5,48,0.9999817285451
735,18,1.0
736,18,0.5631112680808595,34,0.4368887319191412
737,3,0.9999540362812122,5,1.9141062338309684E-5,6,1.3306894767491146E-5,18,1.3515761682357642E-5
738,6,1.0676963218307385E-4,16,0.999893230367817
739,18,1.000000000000002
740,4,1.0
741,28,1.0
742,15,1.0
743,34,1.0000000000000013
744,8,1.0
745,0,1.0
746,0,1.0
747,21,1.0
748,34,1.0
749,0,1.0
750,6,1.0714989259302036E-4,19,0.999892850107407
751,5,0.9004855031580882,18,0.09951449684191181
752,28,0.004348122648403589,60,0.9956518773515962
753,5,0.07370285019585475,8,0.9262971498041448
754,0,1.0
755,0,1.0
756,0,1.0
757,0,1.0
758,14,1.0
759,8,6.40467319677958E-5,11,5.151570971287034E-5,63,0.9998844375583191
760,6,1.0
761,8,1.0
762,8,1.0
763,5,1.0
764,0,1.0
765,5,0.9008326864650065,17,0.06973705817063797,18,0.029430255364354254
766,5,0.23129390833799215,12,0.7687060916620081
767,18,2.1328755825386378E-5,67,0.9999786712441745
768,0,1.0
769,0,1.0
770,25,0.9999252417151211,26,7.475828487864948E-5
771,1,0.7633599596253154,2,0.21127462278189865,3,0.025365417592785395
772,0,1.0
773,8,2.011150372124611E-5,11,2.726719046651817E-5,28,1.147800451577114E-5,34,2.3907444110945668E-5,63,0.9999172358571856
774,0,1.0
775,0,1.0
776,8,0.02377801268105448,16,0.9253572644578343,22,0.050123522181542396,28,7.41200679568731E-4
777,0,1.0
778,25,0.9999440824856723,26,5.5917514328002355E-5
779,22,1.0
780,0,1.0
781,0,1.0
782,27,1.0
783,0,1.0
784,43,1.0
785,34,1.0
786,5,1.0
787,4,0.9156113245340002,34,-1.5135521421183418E-5,52,0.08440381098742133
788,25,1.0
789,0,1.0
790,11,1.0
791,0,1.0
792,18,1.0
793,6,1.8152844538820635E-4,19,0.9998184715546117
794,18,1.0
795,5,1.0
796,0,1.0
797,8,1.0
798,18,0.10763434718924003,34,0.8923656528107606
799,0,1.0
800,26,1.0
801,5,0.9747168273044495,18,0.025283172695550204
802,0,1.0
803,18,8.704296423040883E-5,53,0.9999129570357692
804,5,0.004147641417090258,6,0.9612776699069646,8,0.02192748035447197,28,0.012647208321472939
805,0,1.0
806,12,1.0
807,0,1.0
808,0,1.0
809,0,1.0
810,8,1.0
811,4,-0.7323935943868299,34,0.09772617402476011,52,1.6346674203620688
812,3,0.9999566389534895,5,1.3897440631442421E-5,6,1.4972911741332018E-5,18,1.4490694137181821E-5
813,1,0.9999541629889948,5,4.5837011005477307E-5
814,25,1.0
815,0,1.0
816,0,1.0
817,0,1.0
818,0,1.0
819,3,0.001402270485970756,17,1.6345042394684883E-5,36,0.9985813844716346
820,18,1.0
821,0,1.0
822,0,1.0
823,28,1.0
824,8,1.0
825,0,1.0
826,4,0.9400549387221441,34,0.007717156879729662,52,0.05222790439812646
827,6,1.0
828,28,1.0
829,5,0.9332787606225637,18,0.06672123937743636
830,17,1.0
831,0,1.0
832,5,9.918481234203698E-6,6,1.1243438972556392E-5,8,1.1648463720304446E-5,9,0.999934649695702,12,1.5022816639123923E-5,13,1.2194577101909453E-5,30,5.322526630647253E-6
833,0,1.0
834,4,0.03431368837377208,6,0.019679899652559448,11,0.9356548344276907,28,0.010351577545976647
835,17,1.0
836,8,1.0
837,6,2.5753932639705013E-5,8,2.0978874892622994E-5,17,2.382634587413017E-5,18,2.2260310681123115E-5,26,0.9999071805359121
838,0,1.0
839,0,1.0
840,26,1.0
841,0,1.0
842,4,0.9687810065967704,5,0.0028062089169623126,11,0.024828004026474865,12,4.7666884972998177E-4,34,0.0031081116100624404
843,0,1.0
844,18,0.00442168332848801,53,0.9955783166715124
845,5,1.0
846,8,0.9055252738411257,22,0.09447472615887428
847,28,1.0
848,18,1.0
849,23,1.0
850,0,1.0
851,0,1.0
852,0,1.0
853,0,1.0
854,5,0.1530904063878369,56,0.8469095936121631
855,12,2.0216145009108827E-5,36,6.633849342862924E-5,37,0.9999134453615625
856,0,1.0
857,0,1.0
858,0,1.0
859,0,1.0
860,28,1.0
861,28,1.0
862,28,1.0
863,0,1.0
864,22,1.0
865,41,1.0
866,18,1.0
867,4,0.9922108821418201,34,2.3398181949643482E-4,52,0.007555136038683562
868,0,1.0
869,34,1.0000000000000007
870,5,0.2461142878363658,18,0.7538857121636344
871,12,-2.4760711105510846E-6,20,0.9859031285598178,21,0.014099347511291618
872,5,3.328272409315204E-5,8,1.3559810397094557E-5,17,1.222596600775188E-5,18,1.0389140761989965E-5,21,1.2991299303737398E-5,38,0.9999175510594356
873,0,1.0
874,0,1.0
875,5,-0.007050981573530208,18,1.0070509815735291
876,4,0.022075229256685362,6,0.03413244282022981,11,0.9214852088910411,28,0.02230711903204211
877,5,1.0
878,5,1.8387308961997112E-5,40,0.9999816126910379
879,18,1.0
880,4,0.2135927523965713,54,0.786407247603429
881,39,1.0
882,0,1.0
883,28,1.0
884,3,0.8669181094916071,11,0.11561929969068623,17,0.017462590817707156
885,0,1.0
886,12,1.0
887,6,1.0
888,18,1.0
889,0,1.0
890,5,1.0
891,0,1.0
892,0,1.0
893,6,2.7197067491020535E-5,8,3.245323035280277E-5,17,2.4595826987041944E-5,18,2.2194531799792223E-5,26,0.9998935593433697
894,55,1.0
895,4,1.0109404972318965,34,-0.010940497231896888
896,18,7.317569065571256E-5,23,0.9999268243093437
897,0,1.0
898,0,1.0
899,23,1.0
900,8,1.0
901,6,9.057522453671002E-5,18,2.9381889156481426E-5,52,0.9998800428863122
902,8,0.8845568210113034,18,0.11544317898869665
903,12,2.0448964643504982E-5,36,8.751825175593646E-5,37,0.9998920327836005
904,0,1.0
905,18,1.0
906,0,1.0
907,4,3.476935408542226E-4,5,2.1979532974286808E-4,6,3.117379911126502E-4,7,0.9615864272754259,8,1.35649289847944E-4,9,0.03739869657301642
908,0,1.0
909,8,1.0
910,11,0.9999349082774379,18,6.509172256210499E-5
911,0,1.0
912,41,1.0
913,5,1.0508929170523244E-5,48,0.9999894910708292
914,5,0.8928860402101826,18,0.10711395978981707
915,43,1.0
916,0,1.0
917,18,0.030394454293106665,19,0.9696055457068932
918,4,1.0
919,0,1.0
920,18,0.01723678048104449,21,0.9827632195189556
921,6,1.0
922,3,0.8756952994620298,11,0.11419812372905759,17,0.010106576808912787
923,18,1.0
924,0,1.0
925,5,1.233678158886611E-4,6,0.9998766321841109
926,0,1.0
927,18,1.0
928,48,1.0
929,0,1.0
930,19,1.0
931,0,1.0
932,0,1.0
933,0,1.0
934,8,0.03507804292962804,11,0.023455914443026204,34,0.14751259834967692,63,0.793953444277669
935,4,0.994046806296566,34,0.005953193703433705
936,28,1.0
937,18,1.0
938,17,1.5577312359845424E-5,26,1.9003760957919558E-5,50,0.49590923328094766,51,0.5040561856457342
939,0,1.0
940,0,1.0
941,34,1.0
942,0,1.0
943,18,1.0
944,5,1.0
945,11,0.9839762555511022,21,0.016023744448897304
946,5,0.012019731927387561,32,0.5085277337405802,33,0.4794525343320323
947,18,-4.461321851785041E-4,26,1.0004461321851792
948,12,1.0
949,6,0.2927924760328209,18,3.753354217745407E-4,21,0.7068321885454043
950,55,1.0
951,6,0.10069088191766486,17,0.06613550273286467,18,0.003085622603122166,21,0.8300879927463479
952,19,1.0
953,5,1.3627313428712363E-5,11,0.001037603052166141,21,4.630476655524031E-5,24,0.9989024648678488
954,5,0.24589921987642863,8,0.7541007801235711
955,18,5.672887054352134E-4,21,0.999432711294565
956,14,1.0
957,4,0.9977046994187908,11,0.0017727769765642682,12,1.3049163170443213E-5,34,5.094744414743032E-4
958,6,0.8477238362396554,20,0.15227616376034364
959,18,1.0000000000000018
960,8,1.0
961,34,1.0
962,0,1.0
963,12,-2.4685258110633965E-6,20,1.0002868152693924,21,-2.8434674358242924E-4
964,18,1.0
965,0,1.0
966,0,1.0
967,18,0.03815167869568773,22,0.9618483213043124
968,0,1.0
969,0,1.0
970,5,1.200042297771156E-4,18,0.0017647734823947965,22,0.9981152222878283
971,0,1.0
972,8,0.5474521374948699,38,0.4525478625051301
973,18,0.3016516215822999,22,0.6983483784177006
974,8,3.0269900459754996E-5,11,3.369261007710321E-5,34,4.603654301402071E-5,63,0.999890000946449
975,8,0.027821861751333814,16,0.7610491493510512,22,0.21020225648502577,28,9.267324125893524E-4
976,0,1.0
977,0,1.0
978,18,1.0
979,5,1.0
980,28,1.0
981,8,1.0
982,0,1.0
983,8,1.0
984,6,9.879723708811603E-6,46,0.9999901202762916
985,0,1.0
986,6,7.484985814964178E-4,8,7.42401432012516E-4,9,0.9981764139288049,12,2.481141596473605E-4,13,8.457189803926228E-5
987,6,0.008016204117200007,12,0.037416755026051116,22,0.954567040856749
988,0,1.0
989,0,1.0
990,6,2.5054214969023005E-5,11,1.84071071453964E-5,19,0.22940220357342464,44,0.7705543351044609
991,18,1.0
992,28,1.3253100103222662E-5,60,0.9999867468998989
993,8,0.016125754687431527,11,0.9733230878064474,18,7.63689384436247E-4,34,0.009787468121683506
994,17,0.9637660373260539,18,0.036233962673946685
995,0,1.0
996,0,1.0
997,17,2.3551697473335664E-5,26,9.526721472697428E-4,50,0.49111389271263467,51,0.5079098834426217
998,6,0.14215716458495326,34,0.15391066046883556,38,0.7039321749462104
999,5,1.0
1000,45,1.0
1001,0,1.0
1002,6,0.021809996374680195,8,0.0020926177104289723,17,0.028946601777571433,18,0.0362131889439329,26,0.9109375951933865
1003,0,1.0
1004,17,1.0
1005,11,2.1498159677688853E-5,19,0.0011256194192337515,44,0.9988528824210888
1006,23,1.0
1007,5,2.636309875444844E-4,57,0.999736369012455
1008,0,1.0
1009,0,1.0
1010,8,1.0
1011,0,1.0
1012,34,1.000000000000001
1013,34,1.0
1014,0,1.0
1015,18,1.0
1016,4,1.0
1017,18,1.0
1018,53,1.0
1019,0,1.0
1020,5,2.6282710286948315E-4,56,0.9997371728971306
1021,17,0.018305911267116313,34,0.9816940887328859
1022,8,0.014415443485692134,16,0.8158388659048045,22,0.16942992569528345,28,3.157649142200553E-4
1023,0,1.0
1024,34,1.0
1025,0,1.0
1026,40,1.0
1027,0,1.0
1028,20,1.0
1029,4,2.524220844344141E-4,5,2.950944660054239E-5,6,1.5659235252374367E-4,7,0.9812718340415124,8,3.977054722540124E-5,9,0.01824987152770344
1030,18,1.0
1031,18,1.0
1032,17,1.0
1033,5,1.0
1034,6,0.0177319552193092,12,0.026467819005179454,22,0.9558002257755113
1035,0,1.0
1036,5,1.0
1037,0,1.0
1038,17,1.0
1039,48,1.0
1040,0,1.0
1041,0,1.0
1042,0,1.0
1043,5,7.72383323767911E-5,6,0.999922761667624
1044,34,1.0
1045,0,1.0
1046,5,1.0
1047,27,1.86221283258089E-4,68,0.9998137787167433
1048,6,1.0
1049,5,5.337466413810886E-5,57,0.9999466253358601
1050,8,0.014492389040587033,16,0.8611207255637211,22,0.12404544946468514,28,3.414359310060873E-4
1051,4,-2.5910885672071444,5,0.017201455102529826,8,3.5738871121046207
1052,18,1.0
1053,18,0.9999999999999989
1054,0,1.0
1055,4,1.0
1056,17,2.949260559696881E-5,18,4.924966847082683E-5,25,0.9995888394236943,34,3.3241830223815254E-4
1057,0,1.0
1058,43,1.0
1059,0,1.0
1060,0,1.0
1061,19,1.0
1062,6,0.009378302896165962,12,0.022440372958344793,22,0.9681813241454892
1063,0,1.0
1064,17,1.0
1065,28,6.806051506810229E-5,34,5.494783719073123E-4,55,0.9993824611130246
1066,5,0.9198632268721139,17,0.05419310813120862,18,0.025943664996677118
1067,17,1.0
1068,0,1.0
1069,0,1.0
1070,5,0.07092667205783859,8,0.9290733279421632
1071,28,1.297714025970301E-5,60,0.9999870228597407
1072,34,1.0
1073,5,2.7572225900722312E-5,57,0.999972427774098
1074,5,0.028794467116740222,12,0.9712055328832598
1075,18,7.382187494477732E-5,23,0.9999261781250554
1076,0,1.0
1077,27,0.014123300238872684,68,0.9858766997611309
1078,27,1.0
1079,11,0.9943209634493583,12,0.0056790365506419384
1080,17,1.0
1081,69,1.0
1082,0,1.0
1083,5,1.2337344710540911E-5,9,0.9986844136398186,11,0.0012708012388442885,12,6.522316096524445E-6,13,1.611266636684342E-5,30,9.812794162894394E-6
1084,6,3.178458716966418E-5,39,0.9999682154128291
1085,8,1.0
1086,6,1.0
1087,5,1.0
1088,19,1.0
1089,18,1.7912057231297728E-5,30,0.43910485772390145,31,0.5608772302188669
1090,5,1.3369384817173691E-5,9,0.9990825394530847,11,8.691456233148904E-4,12,8.748716563040166E-6,13,1.3326946615769661E-5,30,1.2869875603302922E-5
1091,3,8.718647293002812E-5,5,3.817877957423933E-5,8,4.222735886661315E-4,17,7.336303223802018E-5,44,6.44155232917683E-6,47,0.9993725565742632
1092,5,0.05501048102237022,17,0.9449895189776301
1093,35,1.0
1094,18,1.0
1095,1,0.2893620750186287,2,0.7106489435966757,3,-1.1566546782319014E-5,6,5.479314777476452E-7
1096,6,0.8859150096156441,8,0.11408499038435635
1097,6,0.85825326484674,8,0.14174673515326025
1098,0,1.0
1099,43,1.0
1100,8,0.045436946818712375,17,0.9545630531812882
1101,0,1.0
1102,0,1.0
1103,17,1.0
1104,0,1.0
1105,2,0.9999042863456665,5,1.592057020145773E-5,17,1.6120827665519472E-5,18,3.0177984840659595E-5,28,1.2722215218722002E-5,34,2.077205640763923E-5
1106,0,1.0
1107,0,1.0
1108,6,0.9900033643938624,18,0.009996635606136804
1109,5,1.0
1110,5,0.9890716145146901,18,0.010928385485309862
1111,0,1.0
1112,0,1.0
1113,5,0.178358931762722,18,0.8216410682372778
1114,5,1.0
1115,6,0.16133435940991617,8,0.8386656405900835
1116,0,1.0
1117,0,1.0
1118,17,1.0
1119,17,0.44740390008000797,24,0.5525960999199921
1120,0,1.0
1121,11,0.8408202227302805,12,0.15917977726971966
1122,6,6.769862112218696E-5,18,8.87445545019112E-5,52,0.9998435568243831
1123,28,1.0
1124,0,1.0
1125,0,1.0
1126,3,0.9999701469123093,5,1.422982546818473E-5,6,1.5623262221416448E-5
1127,6,0.047563466621141,34,0.03642813624419113,38,0.916008397134668
1128,34,1.0000000000000022
1129,43,1.0
1130,0,1.0
1131,69,1.0
1132,5,2.2910750743892657E-5,17,1.210588707406458E-5,18,2.305365401690682E-5,38,0.9999419297081642
1133,0,1.0
1134,17,1.0
1135,27,1.0007521800739299,35,-7.521800739294581E-4
1136,5,0.2743127182224988,6,0.12161470629247259,8,0.6040725754850286
1137,18,1.0
1138,11,0.9999272412327733,18,7.27587672273013E-5
1139,12,1.0
1140,2,0.9998878996535866,5,1.6222555078532995E-5,17,1.7818956622271257E-5,18,3.776700148816445E-5,28,1.3251786137070113E-5,34,2.7040047087886418E-5
1141,0,1.0
1142,0,1.0
1143,0,1.0
1144,0,1.0
1145,0,1.0
1146,0,1.0
1147,0,1.0
1148,17,0.0884645566118457,50,0.46860672503810324,51,0.44292871835005093
1149,0,1.0
1150,5,2.6954428013230335E-4,6,0.9997304557198675
1151,0,1.0
1152,12,1.0
1153,18,1.0
1154,12,1.0
1155,8,1.0
1156,5,1.0
1157,12,7.813046789724913E-5,21,0.9999218695321022
1158,29,1.0
1159,17,1.7688399786774616E-5,26,2.447344418174106E-5,50,0.5002096124941219,51,0.4997482256619094
1160,17,1.0
1161,18,1.0
1162,11,0.9992312122001729,18,7.687877998265119E-4
1163,17,1.0
1164,0,1.0
1165,0,1.0
1166,17,1.0
1167,34,1.0
1168,5,1.4131743464566468E-5,17,1.4168478569672405E-5,18,3.1694951899523904E-5,38,0.9999400048260648
1169,27,0.9998531620180783,35,1.4683798192217926E-4
1170,0,1.0
1171,12,0.9655325274174921,34,0.034467472582508686
1172,0,1.0
1173,11,0.9891002684063421,18,0.010899731593658701
1174,11,0.0020917465980016883,44,0.9979082534019988
1175,0,1.0
1176,0,1.0
1177,0,1.0
1178,0,1.0
1179,26,1.0
1180,17,1.0
1181,0,1.0
1182,0,1.0
1183,6,3.276346044334785E-5,8,2.937018450490002E-5,18,3.707119860508297E-5,26,0.9999007951564466
1184,19,0.2018172143500606,20,0.7981827856499397
1185,5,1.0
1186,3,0.9999692155647102,5,1.0259718645955688E-5,6,1.0297222350608823E-5,18,1.0227494291117907E-5
1187,23,1.0
1188,8,1.0
1189,0,1.0
1190,17,2.0106979439867447E-5,26,2.86570293091798E-5,50,0.49314999135331034,51,0.5068012446379407
1191,0,1.0
1192,0,1.0
1193,18,0.03072647019637829,34,0.9692735298036218
1194,28,8.700377953499999E-6,34,1.7045629796154525E-5,55,0.9999742539922507
1195,0,1.0
1196,28,1.0
1197,11,0.9951741506194425,18,0.004825849380557397
1198,0,1.0
1199,17,3.890432784797212E-5,24,9.266832992657762E-5,41,0.9998684273422259
1200,0,1.0
1201,42,0.7075302737299753,43,0.2924697262700247
1202,0,1.0
1203,5,1.0
1204,0,1.0
1205,5,5.915075397060764E-5,40,0.9999408492460284
1206,0,1.0
1207,1,-0.14301257038348925,2,1.0968098104964918,3,0.046202759886997416
1208,0,1.0
1209,5,0.049440310777403025,6,0.8630602849971327,8,0.0874994042254641
1210,6,1.0
1211,12,1.0
1212,0,1.0
1213,0,1.0
1214,0,1.0
1215,8,1.0
1216,0,1.0
1217,22,1.0
1218,6,3.311749491504336E-5,39,0.9999668825050869
1219,8,1.0
1220,5,1.0
1221,0,1.0
1222,12,1.0
1223,5,1.0
1224,6,5.462492381886061E-5,16,0.9999453750761814
1225,0,1.0
1226,0,1.0
1227,0,1.0
1228,4,1.0
1229,34,1.0
1230,18,0.9676492196863095,34,0.03235078031369055
1231,0,1.0
1232,0,1.0
1233,0,1.0
1234,18,1.0
1235,0,1.0
1236,0,1.0
1237,1,0.603463832545069,2,0.3341028593714268,3,0.062433308083504085
1238,3,0.011127786523637133,17,4.2876065453232794E-5,36,0.9888293374109092
1239,6,0.9909601370176601,18,0.00903986298234046
1240,5,1.0402311925523342E-5,11,9.803090312616052E-5,24,0.999891566784948
1241,5,1.0
1242,17,6.232881299812175E-5,18,6.967838364272694E-4,25,0.8943031508969768,34,0.10493773645359801
1243,6,0.20064117807830292,17,0.013933237145696767,18,2.6488392447740575E-4,21,0.7851607008515232
1244,0,1.0
1245,0,1.0
1246,0,1.0
1247,18,1.0
1248,25,0.9997722076273711,26,2.2779237262889724E-4
1249,3,0.09041266481423926,6,0.8522895871740432,8,0.057297748011717616
1250,14,1.0
1251,0,1.0
1252,5,0.042790694980210556,6,0.8892705107781028,8,0.0679387942416865
1253,0,1.0
1254,6,1.0
1255,8,0.0418908377658192,18,0.010696807416086349,49,0.9474123548180946
1256,8,1.0
1257,6,0.6107633931141259,34,0.3892366068858745
1258,6,0.008751055296063593,12,0.03861721756587329,22,0.9526317271380634
1259,0,1.0
1260,18,7.939578959377106E-5,21,0.9999206042104066
1261,12,1.0
1262,6,1.0
1263,18,1.0
1264,13,1.0
1265,18,4.82679929303167E-5,23,0.5815190446180979,67,0.41843268738897094
1266,4,1.0
1267,0,1.0
1268,8,2.1944009107754517E-5,11,3.05814149130615E-5,28,1.2429526126726857E-5,34,2.8128555281471275E-5,63,0.9999069164945724
1269,18,0.11604870936576213,26,0.8839512906342377
1270,16,0.25685216248912845,17,0.5768698510985315,34,0.16627798641234068
1271,5,8.613917950539098E-6,6,1.0083134602685599E-5,46,0.9999813029474462
1272,22,1.0
1273,8,1.0
1274,0,1.0
1275,0,1.0
1276,0,1.0
1277,18,0.10407301077325076,34,0.8959269892267494
1278,5,1.0
1279,0,1.0
1280,12,0.09695327622288044,21,0.9030467237771208
1281,6,1.5199659452863918E-5,16,0.9999632043911613,18,2.1595949388239894E-5
1282,0,1.0
1283,18,1.0
1284,18,1.0
1285,18,1.0537242334022204E-4,21,0.9998946275766599
1286,6,0.08415190605974464,19,0.9158480939402559
1287,0,1.0
1288,0,1.0
1289,0,1.0
1290,0,1.0
1291,0,1.0
1292,0,1.0
1293,0,1.0
1294,0,1.0
1295,0,1.0
1296,0,1.0
1297,28,1.0
1298,0,1.0
1299,0,1.0
1300,0,1.0
1301,5,1.0
1302,0,1.0
1303,5,0.001231676945955042,57,0.9987683230540445
1304,5,0.04129266512276213,12,0.9587073348772378
1305,0,1.0
1306,28,1.0
1307,12,-6.943460084938255E-4,21,1.0006943460084932
1308,5,0.22306964529101653,18,0.7769303547089834
1309,0,1.0
1310,18,1.0
1311,0,1.0
1312,3,0.18907667630994415,11,0.009025807441575124,17,2.7942917785039515E-4,36,0.8016180870706303
1313,5,1.0
1314,6,0.9702313764127651,8,0.015427905750431063,28,0.01434071783680396
1315,18,0.9999999999999956
1316,17,1.0
1317,5,8.668148037148443E-6,6,1.0304402072595124E-5,8,9.27664790097087E-6,9,0.999941764563817,12,1.372092581379547E-5,13,1.2018934740375894E-5,30,4.246377618414124E-6
1318,8,4.803873667573541E-5,27,0.999951961263323
1319,19,1.0
1320,0,1.0
1321,18,1.0
1322,25,0.21824087185167654,26,0.7817591281483232
1323,0,1.0
1324,0,1.0
1325,6,0.9687790106413056,8,0.01409524974419594,28,0.017125739614497988
1326,0,1.0
1327,0,1.0
1328,0,1.0
1329,8,1.0
1330,8,1.0600215222251152E-5,17,1.5882264455642824E-5,32,0.5041516697748385,33,0.4958218477454838
1331,0,1.0
1332,5,1.4255882660684783E-5,48,0.9999857441173401
1333,0,1.0
1334,4,0.7925684568698205,6,0.1420868588465279,11,0.0019186489006044467,34,0.06342603538304724
1335,18,0.019617167670629574,26,0.9803828323293706
1336,0,1.0
1337,6,0.011149643158667791,12,0.034462734185013826,22,0.9543876226563184
1338,0,1.0
1339,0,1.0
1340,0,1.0
1341,3,0.999961648255067,5,1.656735020692586E-5,6,2.178439472754228E-5
1342,6,1.0
1343,29,1.0
1344,0,1.0
1345,5,1.2009854223909603E-5,6,1.4133458622589389E-5,9,0.9993338308865324,11,6.097848452494962E-4,12,7.719327731063152E-6,13,1.1485149919615104E-5,30,1.1036477720278118E-5
1346,18,0.9999999999999954
1347,19,1.0
1348,17,0.47254760356013253,28,0.5274523964398675
1349,0,1.0
1350,22,1.0
1351,5,0.3858451649298902,8,0.6141548350701098
1352,0,1.0
1353,11,0.9998624717518031,18,1.3752824819899154E-4
1354,12,1.0
1355,28,1.0
1356,6,1.0
1357,5,3.172664557730935E-5,8,1.2927596613749915E-5,17,1.1615551990852334E-5,18,2.0796547174218453E-5,21,1.2127560918762697E-5,38,0.9999108060977249
1358,8,0.00535756643718275,17,0.024795139498468885,32,0.4771669639312986,33,0.4926803301330502
1359,12,0.2790416786604364,28,0.45254450480629677,34,0.268413816533267
1360,0,1.0
1361,0,1.0
1362,0,1.0
1363,34,1.0
1364,0,1.0
1365,19,1.0
1366,18,1.0
1367,0,1.0
1368,4,0.9986554290668413,11,9.567421983784977E-4,12,1.2024052003931552E-5,34,3.758046827761873E-4
1369,5,2.3667636730755677E-4,8,2.259565128209852E-5,17,3.776523365647988E-5,32,0.5077875649860906,33,0.4919153977616634
1370,0,1.0
1371,4,0.9935647947164181,34,3.3983317421357266E-4,52,0.006095372109367942
1372,17,1.8566760011127703E-5,26,1.649802399912916E-5,50,0.5074061229057503,51,0.4925588123102398
1373,5,0.05851963241851772,13,0.0012638763535668426,27,0.5058088959993285,35,0.4344075952285866
1374,6,0.17557156266540924,17,0.01901875232542975,18,5.280439157160358E-4,21,0.8048816410934451
1375,23,1.0
1376,8,1.0
1377,0,1.0
1378,6,1.433812304699687E-4,18,6.510660364085653E-5,52,0.9997915121658963
1379,11,0.9781837178008129,21,0.02181628219918729
1380,0,1.0
1381,5,6.0305398654049536E-5,56,0.9999396946013461
1382,12,3.4933928234291594E-5,36,0.0010465359839267937,37,0.9989185300878383
1383,18,0.0016859588418425694,26,0.9983140411581577
1384,5,1.0
1385,18,0.19611199362243273,34,0.8038880063775677
1386,18,1.0
1387,0,1.0
1388,12,0.11062203417522669,17,0.8893779658247737
1389,0,1.0
1390,8,1.0
1391,0,1.0
1392,0,1.0
1393,0,1.0
1394,0,1.0
1395,5,0.2288987674272807,18,0.771101232572719
1396,12,0.5378410891900604,34,0.4621589108099397
1397,0,1.0
1398,4,1.0
1399,2,0.9978945690692369,6,0.002100432700869923,17,2.9894912274952237E-6,18,6.299627425318852E-6,34,-4.2908887600793735E-6
1400,28,1.0
1401,8,1.2554356913485922E-5,17,1.8965126555858443E-5,32,0.4983679531456344,33,0.501600527370896
1402,0,1.0
1403,0,1.0
1404,6,1.0094010673644018E-4,18,1.4886366132183838E-4,46,0.9997501962319425
1405,18,1.0
1406,0,1.0
1407,0,1.0
1408,11,0.9998543239435626,18,1.456760564378513E-4
1409,0,1.0
1410,28,1.0
1411,0,1.0
1412,12,3.336813799335528E-5,20,0.8325608795817947,21,0.16740575228021218
1413,18,9.386951144549623E-5,53,0.9999061304885551
1414,34,1.000000000000001
1415,0,1.0
1416,0,1.0
1417,11,0.9842855217261467,21,0.015714478273852438
1418,0,1.0
1419,43,1.0
1420,0,1.0
1421,11,0.018898406581970114,12,2.5731333940592773E-5,18,2.9851870098966215E-4,56,0.9807773433830997
1422,0,1.0
1423,0,1.0
1424,12,3.3663433917370133E-5,20,0.8379450091630425,21,0.16202132740304073
1425,17,1.0
1426,18,2.73481122408374E-5,21,0.9999726518877592
1427,0,1.0
1428,18,1.0
1429,0,1.0
1430,0,1.0
1431,4,0.020791552815876323,6,0.03249274240139392,11,0.9265510483967574,28,0.020164656385971678
1432,0,1.0
1433,6,0.05405502530074637,34,0.03773298647230958,38,0.908211988226944
1434,14,1.0
1435,0,1.0
1436,8,1.0
1437,0,1.0
1438,5,2.1662356680826164E-5,6,2.9190468821880236E-5,46,0.9999491471744965
1439,0,1.0
1440,34,1.0
1441,6,3.046429489770313E-5,16,0.9999353479118631,18,3.4187793238029966E-5
1442,4,0.9948482054295795,34,2.688535823560342E-4,52,0.004882940988064668
1443,0,1.0
1444,5,1.1209210793893698E-5,48,0.9999887907892067
1445,0,1.0
1446,5,0.04895538997913201,17,0.9440402088889125,34,0.0070044011319552344
1447,11,0.9993864207900357,18,6.135792099634018E-4
1448,8,3.200577493691777E-5,11,4.0388772959654325E-5,34,4.6413466260360065E-5,63,0.9998811919858427
1449,0,1.0
1450,0,1.0
1451,5,0.659094503355219,6,0.27378545717426667,18,0.06712003947051477
1452,8,1.0
1453,12,7.64416412173602E-5,21,0.9999235583587823
1454,30,1.0
1455,17,0.006415554387262471,34,0.9935844456127385
1456,3,0.0012429679964298332,17,1.4801030692732047E-5,36,0.9987422309728784
1457,3,1.1434538110103951E-4,5,7.936248191886414E-4,8,0.0015366710763118172,17,3.982001958441597E-4,44,5.2318209530282466E-6,47,0.9971519267065992
1458,16,1.0
1459,0,1.0
1460,11,0.005853819166920804,42,0.9731265676223517,43,0.02101961321072847
1461,18,1.0
1462,6,0.9124026028128724,18,0.0875973971871274
1463,0,1.0
1464,6,2.3688641614640176E-5,11,1.809219453888971E-5,19,0.38242474339621174,44,0.617533475767635
1465,5,0.0017514345122402247,8,0.9982485654877588
1466,27,0.008330195355109376,68,0.9916698046448903
1467,0,1.0
1468,28,0.5168102544717629,34,0.48318974552823724
1469,5,1.0
1470,0,1.0
1471,5,1.0
1472,0,1.0
1473,5,0.001451496369190974,8,0.9985485036308097
1474,0,1.0
1475,0,1.0
1476,28,1.0
1477,8,1.0
1478,18,8.855141919914076E-5,67,0.9999114485808013
1479,4,0.9986149327826971,34,1.2288919774206504E-4,52,0.0012621780195600316
1480,0,1.0
1481,5,1.0
1482,28,7.368346477116044E-6,34,1.1250945660112146E-5,55,0.9999813807078634
1483,8,0.014641415170135145,16,0.8605488622415064,22,0.12448247807231264,28,3.272445160457387E-4
1484,18,1.0
1485,0,1.0
1486,5,0.14181571225829567,40,0.8581842877417046
1487,3,0.02136728779139737,11,0.0012652287927169784,17,4.32451133998869E-5,36,0.9773242383024864
1488,0,1.0
1489,0,1.0
1490,0,1.0
1491,8,0.01618682606046706,16,0.816893109876524,22,0.16662345625190816,28,2.966078111012081E-4
1492,0,1.0
1493,0,1.0
1494,8,1.0
1495,11,1.3107325871719398E-5,42,0.9998810242147227,43,1.0586845940664315E-4
1496,0,1.0
1497,5,1.1824665500776427E-4,18,0.0069617700216200225,22,0.9929199833233736
1498,5,0.04897784694706988,12,0.9510221530529301
1499,0,1.0
1500,16,0.9904121211315015,64,0.009587878868497986
1501,43,1.0
1502,0,1.0
1503,0,1.0
1504,6,2.6976335972957917E-5,19,0.4514747142234238,44,0.5484983094406036
1505,14,1.0
1506,18,1.0
1507,0,1.0
1508,8,1.0
1509,0,1.0
1510,0,1.0
1511,4,0.0038641843842689206,5,0.0014613029570306809,6,0.001964843310830142,7,0.9431998448903242,8,3.588474756755849E-4,9,0.044101111331780636,28,0.005049865650090229
1512,28,1.0
1513,0,1.0
1514,5,1.0
1515,28,1.0
1516,0,1.0
1517,5,1.0
1518,0,1.0
1519,6,3.4304465386500505E-5,16,0.9999244344086184,18,4.1261125998435904E-5
1520,48,1.0
1521,8,0.9114561413677333,18,0.08854385863226676
1522,0,1.0
1523,0,1.0
1524,17,1.0
1525,6,0.8653640669534651,8,0.13463593304653457
1526,0,1.0
1527,34,1.0
1528,0,1.0
1529,3,0.9999683252962729,5,1.0981547346782199E-5,6,1.0202420413156463E-5,18,1.0490735967508344E-5
1530,0,1.0
1531,11,6.10883541178736E-4,38,4.362767356246374E-5,57,5.473579290962307E-5,59,0.9992907529923476
1532,0,1.0
1533,0,1.0
1534,67,1.0
1535,4,1.0
1536,18,1.0
1537,0,1.0
1538,18,0.02589494692740989,22,0.9741050530725898
1539,34,1.000000000000001
1540,0,1.0
1541,18,1.0
1542,0,1.0
1543,0,1.0
1544,18,3.480191935918062E-5,23,0.9999651980806397
1545,0,1.0
1546,6,0.9975164550489176,8,0.00248354495108197
1547,5,1.0
1548,0,1.0
1549,17,3.713210996710698E-5,24,9.255977987222084E-5,41,0.9998703081101606
1550,28,1.0
1551,16,0.7200880411568436,17,0.1827763257967912,34,0.09713563304636508
1552,0,1.0
1553,2,0.6451103605751839,6,0.3278120484147405,8,0.027077591010075536
1554,0,1.0
1555,3,0.9999682767708342,5,1.070110672781878E-5,6,1.0442551926145508E-5,18,1.0579570510458743E-5
1556,4,0.9979579966583759,11,0.0013605633678505046,12,1.5111205583108166E-5,34,6.663287681904207E-4
1557,0,1.0
1558,23,1.0
1559,43,1.0
1560,0,1.0
1561,5,1.0
1562,18,7.054613210934252E-5,23,0.9999294538678906
1563,0,1.0
1564,0,1.0
1565,0,1.0
1566,28,7.52078188718711E-6,34,1.1953717952608157E-5,55,0.9999805255001594
1567,12,1.0
1568,0,1.0
1569,22,1.0
1570,8,1.0
1571,3,0.0010178648329114217,17,1.9816164438332547E-5,36,0.9989623190026503
1572,6,3.410570034469199E-5,16,0.9999254577923955,18,4.0436507260441114E-5
1573,5,1.0
1574,11,5.954172289028583E-4,38,3.9477607805622907E-4,57,4.758200819691759E-5,59,0.9989622246848462
1575,3,0.0030762726173907094,17,1.829496763371828E-5,36,0.9969054324149756
1576,0,1.0
1577,5,1.0
1578,0,1.0
1579,0,1.0
1580,18,2.0820435647629632E-5,30,0.7319252561140631,31,0.2680539234502887
1581,8,1.6305833806799227E-5,17,2.2799118820920706E-5,32,0.4957131212684649,33,0.504247773778907
1582,18,1.0
1583,0,1.0
1584,0,1.0
1585,6,1.0
1586,28,7.910350682922458E-6,60,0.9999920896493182
1587,0,1.0
1588,17,1.0
1589,0,1.0
1590,28,1.0
1591,55,1.0
1592,17,2.8415850774213792E-5,50,0.5150987631317846,51,0.4848728210174411
1593,5,0.9896604888502697,18,0.010339511149730125
1594,8,8.270219356774365E-4,18,2.2908011600026955E-4,49,0.9989438979483231
1595,5,1.0
1596,5,1.7106405722383774E-4,57,0.9998289359427741
1597,5,1.0
1598,34,1.0
1599,17,1.0
1600,0,1.0
1601,18,1.0
1602,5,1.3338724324503157E-4,18,0.0018352840809549508,22,0.9980313286758001
1603,18,1.0
1604,18,0.0015212838563134741,26,0.9984787161436866
1605,4,2.0245393498770332E-4,5,3.060847075648856E-4,6,1.7633624264669863E-4,7,0.9657957245142593,8,2.6923253567635963E-5,9,0.0334924773469735
1606,28,1.0
1607,27,1.0
1608,8,1.0
1609,0,1.0
1610,18,0.05991804365269154,27,0.940081956347308
1611,42,0.6546625751752762,43,0.3453374248247237
1612,18,1.0
1613,0,1.0
1614,0,1.0
1615,0,1.0
1616,18,1.0
1617,12,1.0
1618,0,1.0
1619,0,1.0
1620,0,1.0
1621,5,1.1416844449539403E-4,18,0.0026082607873082423,22,0.9972775707681967
1622,18,1.0
1623,6,0.8703496950201471,8,0.12965030497985275
1624,18,1.0
1625,17,2.2907455528635456E-4,25,0.9895843451803276,34,0.010186580264386234
1626,18,1.0
1627,5,0.007784825467393269,8,0.9922151745326065
1628,0,1.0
1629,5,0.3380470565138919,17,0.6619529434861084
1630,0,1.0
1631,18,1.0
1632,8,2.0178846877541434E-5,17,3.3486270826229245E-5,32,0.4918977588095495,33,0.5080485760727466
1633,8,1.0
1634,0,1.0
1635,53,1.0
1636,0,1.0
1637,34,1.0
1638,28,9.251510515083812E-6,34,1.872829546092712E-5,55,0.9999720201940249
1639,36,1.0
1640,5,1.0
1641,5,2.2666487038557694E-4,6,0.9997733351296135
1642,18,1.0
1643,0,1.0
1644,18,3.1939853911305564E-5,23,0.9999680601460891
1645,29,1.0
1646,12,1.0
1647,6,1.0109747171990464,8,-0.010974717199046424
1648,0,1.0
1649,0,1.0
1650,11,0.09958919167001898,12,0.0016125263045791863,18,0.0027375682019624534,56,0.8960607138234392
1651,34,1.0
1652,0,1.0
1653,0,1.0
1654,18,1.0
1655,0,1.0
1656,5,1.0
1657,67,1.0
1658,34,1.0
1659,6,4.1903125238317295E-4,52,0.9995809687476165
1660,18,0.1042112289100866,27,0.8957887710899136
1661,13,1.0
1662,17,1.0
1663,3,0.8667961330671912,5,0.13320386693280853
1664,0,1.0
1665,5,1.0855203260108612E-4,18,0.004015086738619479,38,0.9958763612287793
1666,5,3.574693085873082E-5,9,0.7896100178437093,11,0.20737434029262286,13,3.6455006240112264E-5,21,0.002923046231353455,30,2.0393695215158922E-5
1667,0,1.0
1668,0,1.0
1669,6,0.8729199503900963,18,0.12708004960990388
1670,12,0.9679825137280593,34,0.032017486271940634
1671,6,0.9854612699039592,18,0.01453873009604056
1672,6,0.9953937493014903,8,0.0046062506985101856
1673,0,1.0
1674,0,1.0
1675,28,4.566934506337778E-6,60,0.999995433065493
1676,0,1.0
1677,0,1.0
1678,2,0.8852602505747726,5,3.297685832912547E-4,6,0.1116459329158681,8,0.0018935357183396534,17,6.935198051346631E-5,18,6.533489980322383E-4,28,8.158614085999323E-5,34,6.622508832239147E-5
1679,0,1.0
1680,0,1.0
1681,5,0.03225671865010437,17,0.9610161099679241,34,0.0067271713819714645
1682,0,1.0
1683,0,1.0
1684,8,0.05233721761468216,16,0.9476627823853183
1685,6,2.996148364514151E-5,8,2.263497213519058E-5,18,2.2637808126673327E-5,26,0.9999247657360931
1686,0,1.0
1687,6,0.2948087625500582,18,5.08142938605163E-4,21,0.7046830945113365
1688,5,1.2148166005835188E-5,6,1.646622429080675E-5,46,0.9999713856097043
1689,23,1.0
1690,0,1.0
1691,5,1.0
1692,7,1.0
1693,25,0.7229598069165362,26,0.2770401930834638
1694,18,0.03027306849355287,26,0.9697269315064472
1695,5,1.0
1696,4,0.9209358738821332,6,0.04119945455044344,11,0.002048790864917226,12,2.1340301107073715E-5,34,0.03579454040140005
1697,0,1.0
1698,0,1.0
1699,29,1.0
1700,8,0.4926207589452606,18,0.5073792410547394
1701,12,0.822256832031323,34,0.17774316796867656
1702,11,0.7905541049874742,18,0.002270034940032941,22,0.20671914029088057,28,4.56719781612346E-4
1703,18,1.0
1704,6,1.0
1705,0,1.0
1706,0,1.0
1707,5,1.0
1708,0,1.0
1709,12,1.0
1710,3,0.0011373459244224525,5,1.6822556235234526E-4,8,0.01051451994275805,17,1.094237604051843E-4,47,0.9880704848100648
1711,17,1.0
1712,18,1.0
1713,8,1.0
1714,43,1.0
1715,5,7.890616225897667E-6,6,9.567724132771036E-6,46,0.9999825416596442
1716,0,1.0
1717,5,1.0
1718,0,1.0
1719,5,1.0
1720,5,1.0
1721,4,0.011351608720334756,34,0.9886483912796652
1722,6,0.06680033360996025,39,0.9331996663900411
1723,0,1.0
1724,0,1.0
1725,0,1.0
1726,27,1.0
1727,6,3.089688178683025E-5,16,0.999969103118212
1728,6,2.8262554948970005E-5,8,2.197166747376117E-5,17,2.5857777240974055E-5,18,2.2767279095681513E-5,26,0.9999011407212406
1729,8,0.7945013286843627,18,0.20549867131563748
1730,0,1.0
1731,34,1.0
1732,5,0.04308920436366644,12,0.9569107956363333
1733,0,1.0
1734,0,1.0
1735,18,1.0
1736,0,1.0
1737,12,7.011074011439191E-5,21,0.9999298892598856
1738,18,1.0
1739,5,0.9613954052860385,18,0.038604594713962236
1740,18,3.237727705325596E-5,21,0.9999676227229471
1741,12,2.451272685729822E-4,36,8.530061477449571E-4,37,0.9989018665836817
1742,34,1.0000000000000024
1743,0,1.0
1744,0,1.0
1745,0,1.0
1746,11,0.49963644072047053,16,0.3770933576443227,22,0.1231832118772844,28,8.698975792244206E-5
1747,0,1.0
1748,18,1.0
1749,0,1.0
1750,27,1.0
1751,12,1.0
1752,5,1.5859034864316988E-5,40,0.9999841409651371
1753,8,0.8861935326721251,22,0.11380646732787457
1754,14,1.0
1755,0,1.0
1756,0,1.0
1757,14,0.9999999999999971
1758,5,9.242008583212293E-4,8,0.9990757991416803
1759,45,1.0
1760,20,1.0
1761,0,1.0
1762,8,1.0
1763,18,8.950240908303211E-5,53,0.9999104975909169
1764,26,1.0
1765,0,1.0
1766,0,1.0
1767,28,1.164827059210307E-5,60,0.9999883517294064
1768,17,7.568724658572231E-5,18,3.13507216240121E-5,20,4.8323968589883886E-4,27,0.11382936599374838,62,0.8855803563521437
1769,12,1.0
1770,6,0.9096337730674293,8,0.0903662269325702
1771,18,4.321803274450275E-5,23,0.6585325838574375,67,0.341424198109818
1772,18,1.0
1773,5,1.0
1774,6,2.626009041404909E-5,16,0.9999737399095864
1775,0,1.0
1776,8,0.005923138565110944,11,2.3497368920478312E-4,28,4.851795617019584E-4,34,0.003816749270963233,63,0.9895399589130189
1777,17,1.0
1778,0,1.0
1779,18,1.749261733958478E-5,30,0.12125169412549561,31,0.8787308132571651
1780,0,1.0
1781,0,1.0
1782,18,1.0
1783,6,0.9399567214068235,18,0.06004327859317742
1784,5,0.0062474639465693324,28,0.9937525360534233
1785,13,0.7512824605209442,18,0.2487175394790597
1786,0,1.0
1787,5,1.0
1788,8,0.6574524971803485,18,0.34254750281965163
1789,18,1.3083041381983921E-5,30,0.15359447832730463,31,0.8463924386313133
1790,5,1.0331851892196594E-5,11,2.5391496331232774E-5,18,1.0559880948778324E-5,24,0.9999537167708273
1791,20,1.0
1792,0,1.0
1793,18,1.0
1794,29,1.0
1795,12,2.111167223828586E-5,20,0.7203845350117353,21,0.2795943533160257
1796,0,1.0
1797,5,1.0
1798,0,1.0
1799,17,0.1032274968192995,24,0.8967725031807006
1800,5,1.0
1801,42,0.9930900987128206,43,0.006909901287179832
1802,0,1.0
